,Variable,Mean,std,Min,Max,diffofmeanandmin,diffmeanandmax,r2value,pvalue
0,RATE_SKILL_NURS_BEDS,4.61680043818,17.6802158745,0.0,231.744644,4.61680043818,-227.127843562,0.00015902626931,0.653447047084
1,EducationIndex,3.98067933033,1.07924293578,0.87,8.95,3.11067933033,-4.96932066967,5.70850153587e-05,0.787934934996
2,RATE_SHRTTERM_HOSP_ADM,87.7415051487,130.792570141,0.0,4808.737594,87.7415051487,-4720.99608885,0.00195568892518,0.115209693484
3,RATE_MDS_SPEC_TOT_PC,34.1119005196,51.1174705509,0.0,1037.045253,34.1119005196,-1002.93335248,0.000594624472643,0.385240878116
4,Av_Per_Dem,40.1241055375,12.8649596574,7.869355,91.126174,32.2547505375,-51.0020684625,0.000717297529602,0.340246868335
5,Benzene_c_05,3.21356826521e-06,2.52153023267e-06,8.029e-07,3.18765e-05,2.41066826521e-06,-2.86629317348e-05,1.12229792243e-05,0.905061868137
6,Housing_Owner_W,0.766738852562,0.065842302859,0.300827,0.959924,0.465911852562,-0.193185147438,0.000683042371303,0.352050577507
7,Age_65_84,13.204635591,3.33926150692,2.6,28.8,10.604635591,-15.595364409,0.000397080723733,0.478010070078
8,Children_Under_6_Living_in_Poverty_(%),24.4912190415,12.0958348908,0.0,82.8,24.4912190415,-58.3087809585,1.84356798658e-05,0.878505425521
9,OTHRATE,32.3237239584,92.7294241195,0.0188888889,1007.9088889,32.3048350695,-975.585164942,4.35210508807e-05,0.814309271524
10,Educ_HS_F_W,0.352079798609,0.0732289148527,0.0,0.836735,0.352079798609,-0.484655201391,0.000296101984703,0.540094376371
11,BERRY_ACRES07,109.373592809,927.155620114,0.0,28904.0,109.373592809,-28794.6264072,0.000587502329429,0.388102713963
12,PCT_NHBLACK08,9.000515132,14.3195434153,0.0,85.5,9.000515132,-76.499484868,0.00116722780039,0.223723599312
13,RATE_MDS_FM_TOT_PC,26.9092493703,21.4930476383,0.0,328.812166,26.9092493703,-301.90291663,0.000935962395118,0.275958184986
14,RATE_ORTHOSURG_TOT_PC,3.79284846233,6.45898203485,0.0,106.338255,3.79284846233,-102.545406538,0.000182715456884,0.630330368351
15,admh_index_f,89.6209554551,3.14610605908,79.28,95.66,10.3409554551,-6.03904454487,0.00147523315923,0.171333258541
16,RATE_MDS_TOT_SPEC_HOSP_RES,2.99752384514,14.9459665961,0.0,410.381544,2.99752384514,-407.384020155,0.000507540020437,0.422456922094
17,NonRdCancer_05,6.80347409076e-07,1.28801201318e-06,3.8e-09,3.69551e-05,6.76547409076e-07,-3.62747525909e-05,0.000197546964754,0.616782638967
18,PERCNT_NONENG_SPEAK_OVER18YRS,1.75537984797,3.03052577496,0.0,34.242116,1.75537984797,-32.486736152,0.00047010353728,0.440109674735
19,RATE_SURG_OPS_INPT,2150.30061148,4654.73457767,0.0,177645.85846,2150.30061148,-175495.557849,7.5214343587e-05,0.757497894826
20,Housing_Rent_W,0.233261147438,0.065842302859,0.040076,0.699173,0.193185147438,-0.465911852562,5.79242327443e-07,0.978383213641
21,LBW,7.82910981157,1.8974326693,1.8,15.7,6.02910981157,-7.87089018843,1.58712742132e-06,0.964225420216
22,RATE_PSYCH_TOT_PC,4.41306032357,8.48439565991,0.0,128.39356,4.41306032357,-123.980499676,0.00155892774265,0.159655824463
23,Housing_Rent_B,0.485393625145,0.270651817387,0.0,1.0,0.485393625145,-0.514606374855,5.22032155062e-06,0.935168729948
24,PCT_FREE_LUNCH08,37.6231183314,16.3019993751,0.0,99.488927,37.6231183314,-61.8658086686,0.000266449979607,0.561119036883
25,Temp_min,46.7159897007,7.84472898485,22.54,71.31,24.1759897007,-24.5940102993,0.000148854475846,0.664011580072
26,mhhinwt,37365.8616028,9022.99358688,15986.0,89926.0,21379.8616028,-52560.1383972,0.00201959362774,0.109430701203
27,2013_Median_Household_Income_(2010_$),43733.678803,11363.2642172,18752.4940963,116652.456555,24981.1847068,-72918.7777516,0.000244904986094,0.577401043377
28,PCT_DIABETES_ADULTS,9.94372182872,2.04152028623,3.0,18.2,6.94372182872,-8.25627817128,9.83937528196e-05,0.723970359252
29,PERCNT_FEMALES_LT65_NO_HLTH_INS,16.7728026178,5.98593399431,0.0,47.7,16.7728026178,-30.9271973822,0.000451616160084,0.449246268208
30,RATE_PEDS_TOT_PC,28.6004850705,45.1449414208,0.0,674.838177,28.6004850705,-646.237691929,0.000748318774128,0.330012394454
31,PERCNT_WHCOLLAR_WRKR,51.6303891854,7.70552001699,30.7,83.5,20.9303891854,-31.8696108146,5.9661630637e-05,0.783318502932
32,White_not_Latino_Population_(%),79.5990993889,19.0316412862,1.0,100.0,78.5990993889,-20.4009006111,0.000391958553365,0.480863247953
33,Poverty_Rate_(%_below_federal_poverty_threshold),15.4378256674,6.50451686843,0.0,52.4,15.4378256674,-36.9621743326,9.99454676706e-05,0.721891876681
34,RATE_SURG_GEN_TOT_PC,6.73615880039,9.12675072289,0.0,148.37896,6.73615880039,-141.6428012,0.000252893714394,0.571257284282
35,Gini_Index,0.431905807365,0.0362316576417,0.311,0.645,0.120905807365,-0.213094192635,1.16866080808e-06,0.969299091924
36,Ethylchl_c_05,6.33250724171e-08,7.21982546947e-08,2.34e-08,1.7967e-06,3.99250724171e-08,-1.73337492758e-06,0.000318113744337,0.525403584507
37,RATE_TOT_ACTV,37.3274293616,28.325605454,0.0,404.896341,37.3274293616,-367.568911638,0.000221081955772,0.596535843504
38,PERCNT_WHITE_POPULATION,84.7729152697,16.0542736869,4.5,99.7,80.2729152697,-14.9270847303,0.000475829770821,0.43733771054
39,BC_W,0.279272980299,0.0745166924405,0.0,0.571429,0.279272980299,-0.292156019701,3.10550569505e-05,0.842731449071
40,CHLOROPRENE,2.5733439072e-05,0.000657792193389,0.0,0.0313490251,2.5733439072e-05,-0.0313232916609,9.58790230411e-05,0.727378279304
41,edhighbk,0.107346598655,0.147920743701,0.0,1.0,0.107346598655,-0.892653401345,0.000479157066668,0.435739277346
42,Marital_Status_Mar_B,0.314025068983,0.206624891185,0.0,1.0,0.314025068983,-0.685974931017,6.37735954519e-05,0.776168187309
43,DM_Heat,89.7684347031,3.19934097398,79.26,95.72,10.5084347031,-5.95156529692,0.00263125441653,0.0676347065101
44,RATE_ACTV_DO_FEDNONFED,13.1209056735,20.9056979939,0.0,571.206744,13.1209056735,-558.085838326,0.000135717925506,0.678310277666
45,Filtered_Arsenic_03-05,4.7738805248,18.0328137639,0.0,272.923853211,4.7738805248,-268.149972686,5.54912444467e-05,0.790846580205
46,PERCNT_MEDCR_ENROL_DISABL_SMI,2.54500880522,1.22695568344,0.0,14.158756,2.54500880522,-11.6137471948,0.000453382561806,0.448360661621
47,Educ_Less_HS_F_W,0.129057506567,0.0606397838673,0.0,0.433195,0.129057506567,-0.304137493433,0.00116724173513,0.223720833428
48,RATE_SHRTTERM_NH_HOSP_BEDS,7.87936783773,26.3483022077,0.0,344.907947,7.87936783773,-337.028579162,2.73572443984e-05,0.852276670729
49,PERCNT_MEDCR_ENROL_DISABL_HI,2.79834031713,1.28925439961,0.0,14.829327,2.79834031713,-12.0309866829,0.00057297579373,0.394034670417
50,2011_Jobs_and_Local_Economy_,50.9212117983,11.3295581338,11.1569771448,81.7089554307,39.7642346535,-30.7877436324,0.000160130083772,0.652325232039
51,phth_c_05,6.29405728999e-07,8.97594727519e-07,1.06e-08,1.4811e-05,6.18805728999e-07,-1.4181594271e-05,0.000107681077808,0.711792513025
52,PERCNT_WH_MALES_65_PLUS,13.0619752543,4.03848742537,0.282191,34.639989,12.7797842543,-21.5780137457,0.00232046786676,0.086164429745
53,DM_Temp,65.1946325211,8.81783491396,42.22,87.44,22.9746325211,-22.2453674789,0.00249248500024,0.075316849422
54,AvgNightLandSurfaceTemperature(F),45.6581064516,7.47530617314,19.82,68.07,25.8381064516,-22.4118935484,0.000149865326783,0.662942792184
55,nocarwt,0.0595720522222,0.029078233437,0.0,0.738703,0.0595720522222,-0.679130947778,9.31238064225e-05,0.731170142955
56,PERCNT_LT65_NO_HLTH_INS,17.9770190167,6.09999102982,0.0,46.8,17.9770190167,-28.8229809833,0.000848587769781,0.299584737622
57,PCH_WIC_REDEMP,-3.81056527591,35.7670436189,-100.0,1290.0,96.1894347241,-1293.81056528,0.00051524678253,0.418955366727
58,PERCNT_FOODSTAMP_RECIPNTS,10.4776204752,6.4986723968,0.0,47.429414,10.4776204752,-36.9517935248,0.00066358932571,0.359002745166
59,RATE_TOT_NH_HOSP_BEDS,8.29984867193,27.121153642,0.0,344.907947,8.29984867193,-336.608098328,0.000972058932885,0.266885688483
60,MinTemp_2000_July,17.0961377535,3.73121218056,3.97,25.76,13.1261377535,-8.66386224654,6.77109681437e-06,0.926188598739
61,Filtered_Arsenic_98-00,3.92000659019,13.0875182085,0.05,261.471428571,3.87000659019,-257.551421981,0.00209393117871,0.103105338241
62,Educ_Less_HS_M_W,0.146194607842,0.0704123358674,0.0,0.476412,0.146194607842,-0.330217392158,2.12426283278e-05,0.869660794325
63,2011_Median_Household_Income_(2010_$),44040.1591592,11605.0836417,19180.4875651,115183.559673,24859.6715941,-71143.4005135,0.000215948440906,0.600831097993
64,Less_Than_High_School_(%),16.9301674179,7.32856664194,0.7,52.1,16.2301674179,-35.1698325821,0.00467632281175,0.0147914254525
65,BC_WM,0.452121537664,0.110341930645,0.0,0.790838,0.452121537664,-0.338716462336,0.000113329454116,0.70467587785
66,Total_Population,96332.6310711,310466.277882,81.0,9785295.0,96251.6310711,-9688962.36893,1.23817923646e-05,0.90030522854
67,PERCNT_MEDCR_ENROL_AGED_SMI,94.1886493299,7.55006506048,0.0,176.753317,94.1886493299,-82.5646676701,0.00621856063416,0.00492537400467
68,At_Least_High_School_Diploma(%),83.0698325821,7.32856664194,47.9,99.3,35.1698325821,-16.2301674179,0.000280071802339,0.551273454126
69,"Percent_of_persons_with_less_than_high_school,_2007-2011",16.3652607856,7.1622944348,1.4,53.7,14.9652607856,-37.3347392144,0.000540639726814,0.40771762064
70,RATE_SHRTTERM_HOSP_BEDS,32.2504139082,46.229606105,0.0,859.846025,32.2504139082,-827.595611092,3.13863482954e-05,0.841905807746
71,civic09,9.00696190292,21.944717683,0.0,538.0,9.00696190292,-528.993038097,6.86852652222e-05,0.767946534799
72,"Percent_of_persons_with_less_than_high_school,_2000",22.6622343851,8.72638899018,3.0,65.3,19.6622343851,-42.6377656149,6.1765159579e-05,0.779628588207
73,RATE_ACTMDS_NONFED,122.602542511,146.190860708,0.0,2675.767243,122.602542511,-2553.16470049,0.000299333077197,0.537891571183
74,PCT_OBESE_ADULTS,28.9298776561,3.70031095235,11.7,43.7,17.2298776561,-14.7701223439,0.00159719148704,0.154621113149
75,Unfiltered_Selenium_98-00,4.34227780644,34.0363694835,0.5,592.525,3.84227780644,-588.182722194,0.00198385069749,0.112622617607
76,2011_Preschool_(%_ages_3_and_4_in_school),47.2872270742,11.2050499648,18.8,100.0,28.4872270742,-52.7127729258,7.20219222222e-05,0.762542185134
77,PERCNT_MEDCR_ENROL_AGED_DSBL_TOT,17.0240472579,4.27527781773,2.977042,35.446399,14.0470052579,-18.4223517421,0.000604311948998,0.381396116696
78,IncomeIndex,3.7623005148,1.29004764452,0.0,9.27,3.7623005148,-5.5076994852,0.00113831670331,0.229551474124
79,PERCAP_INCOME,27218.4410345,6746.02862689,0.0,93377.0,27218.4410345,-66158.5589655,0.000908421376467,0.283141835318
80,MEDIAN_AGE,37.3768071239,3.96297544093,20.6,54.3,16.7768071239,-16.9231928761,0.00776054422913,0.00167552346109
81,Epichlo_c_05,5.57129063405e-11,9.24683175574e-10,0.0,3.86e-08,5.57129063405e-11,-3.85442870937e-08,0.000575753217541,0.392890501996
82,edhighwt,0.181664530093,0.0880799618159,0.049199,0.806092,0.132465530093,-0.624427469907,1.35953274737e-08,0.996687867875
83,MEDIAN_AGE_WHITE_NON_HISP_MALE,38.4535927903,3.86071244921,21.6,64.9,16.8535927903,-26.4464072097,0.00183596623832,0.126964962822
84,unemployment_rate_90,0.0722663540393,0.136561954094,1e-06,3.350988,0.0722653540393,-3.27872164596,0.00122491744575,0.21261437876
85,RATE_PEDS_CARDIO_TOT_PC,0.567539006761,3.57461449178,0.0,110.177661,0.567539006761,-109.610121993,0.00155395766531,0.160323351145
86,"2013_Grocery_Stores_and_Produce_Vendors_(per_10,000_population)",2.59804685382,2.08286459893,0.0,28.2485875706,2.59804685382,-25.6505407168,0.00172472017433,0.139092483981
87,Drugtot_rate,379.465196787,415.350855656,0.0,8327.7140931,379.465196787,-7948.24889631,0.000543281207581,0.406574167532
88,2011_Poverty_(%_of_population_below_poverty_line),15.6944976498,6.44428505523,2.8149793,51.88224,12.8795183498,-36.1877423502,0.000156590012238,0.655939689486
89,XURBAN,0.403694475082,0.310495615118,0.0,1.0,0.403694475082,-0.596305524918,3.93664988314e-06,0.943685940149
90,RATE_DO_TOT_PTCARE,10.9143315006,18.1623032455,0.0,452.894855,10.9143315006,-441.980523499,0.00128592370266,0.201570683739
91,PERCNT_AFRICAN_AM_POP,8.84590295845,14.5659118195,0.0,86.5,8.84590295845,-77.6540970415,0.00383827309777,0.0272583462057
92,AGRITRSM_RCT07,31693.7308642,206658.036947,0.0,5896000.0,31693.7308642,-5864306.26914,0.000211622799472,0.604501167467
93,RATE_INTMED_SPEC_TOT_PC,4.07805865679,9.16628003182,0.0,190.104224,4.07805865679,-186.026165343,0.0014524404747,0.174680819329
94,RATE_MDS_GP_TOT_PC,30.6121433693,22.5818448646,0.0,369.913687,30.6121433693,-339.301543631,0.000413996562915,0.468780389426
95,2013_80/20_Ratio_(Ratio_of_household_Income_at_the_80th_percentile_to_that_of_the_20th_percentile),4.41175723802,0.698900331043,2.2762271,8.5242179,2.13553013802,-4.11246066198,0.000186832591203,0.626503302542
96,RECFAC07,10.0810009029,30.4725776194,0.0,705.0,10.0810009029,-694.918999097,4.89850233988e-05,0.803222526404
97,PERCNT_MEDCD_ELIG_MALES,16.7198466896,7.59067691392,0.0,58.759263,16.7198466896,-42.0394163104,0.000109790879796,0.709109945389
98,p1tot_rate,823.121299005,502.042621104,0.0,4629.80677253,823.121299005,-3806.68547352,0.000147014546225,0.665968087336
99,Per_Rep_04,60.2869478493,12.5437605355,9.353528,92.0,50.9334198493,-31.7130521507,4.53155526457e-07,0.980879634982
100,Filtered_Zinc_98-00,57.1495814964,184.439062909,0.5,1987.12941176,56.6495814964,-1929.97983027,8.14588919997e-05,0.747959863712
101,Per_Dem_04,38.742808237,12.5119756842,7.1,89.38912,31.642808237,-50.646311763,0.0010871081832,0.240329650986
102,RATE_LICENS_NH_HOSP_BEDS,8.5070419414,29.3023681973,0.0,583.090379,8.5070419414,-574.583337059,0.00560373658705,0.00761134169633
103,MEDIAN_AGE_WHITE_NON_HISPANIC,39.6302470295,3.91659744519,20.7,64.6,18.9302470295,-24.9697529705,0.00033797581773,0.51274714844
104,tive_American_Population_(%),1.49527179157,6.16780882575,0.0,89.4,1.49527179157,-87.9047282084,0.00119456369349,0.218375474851
105,edlowmbk,0.309814102737,0.218737531219,0.0,1.0,0.309814102737,-0.690185897263,0.000411693199875,0.470020143812
106,PERCNT_HISPANIC_POP,6.2017514685,12.0480601527,0.1,97.5,6.1017514685,-91.2982485315,0.00124227547892,0.209400937874
107,RATE_MDS_TOT_PTCARE_NONFED,114.31587645,127.427967853,0.0,2146.184561,114.31587645,-2031.86868455,0.00129356559851,0.20023549014
108,RATE_MDS_PC_HOSP_RES,7.8830753754,34.8586615438,0.0,1006.503944,7.8830753754,-998.620868625,8.37785121422e-05,0.744519853562
109,2011_OPPORTUNITY_GRADE,46.6084656906,8.77717273932,20.9906850994,74.9972716402,25.6177805912,-28.3888059496,0.000337435407496,0.513084423903
110,PCT_HISP08,7.69893754024,12.8266901999,0.1,97.3,7.59893754024,-89.6010624598,0.00104212441513,0.250308401878
111,"Percent_of_persons_with_only_a_high_school_degree,_2000",34.7113007083,6.55801376495,10.9,53.2,23.8113007083,-18.4886992917,0.000221183504544,0.596451522792
112,RATE_MDS_TOT_GP_OFFBASED,27.6034256008,20.9788853428,0.0,369.913687,27.6034256008,-342.310261399,0.00141936281035,0.179673747676
113,Marital_Status_Mar_BM,0.340717399797,0.228200830263,0.0,1.0,0.340717399797,-0.659282600203,0.000145724885721,0.667348134206
114,Iwhite2000,0.838874299734,0.162523897735,0.019784,1.0,0.819090299734,-0.161125700266,0.000778021589706,0.320592865125
115,African_American_Population_(%),8.85422965584,14.4383624316,0.0,86.8,8.85422965584,-77.9457703442,0.000170483497947,0.642022894178
116,RATE_LICENS_SHRTRM_NH_HOSP_BEDS,8.05692790695,28.443311189,0.0,583.090379,8.05692790695,-575.033451093,1.63768675124e-05,0.885440572946
117,MEDIAN_AGE_WHITE_NON_HISP_FMLE,40.821132956,4.07273482238,20.0,64.4,20.821132956,-23.578867044,5.55167227772e-06,0.93314752709
118,rentwt,0.211577983553,0.0622881175704,0.026379,0.759693,0.185198983553,-0.548115016447,0.000201715453593,0.613089720193
119,Educ_Col_F_W,0.209487242338,0.0944024992606,0.0,1.0,0.209487242338,-0.790512757662,1.75342930646e-05,0.881490330822
120,Unfiltered_Cadmium_98-00,0.62082574108,1.41310371562,0.005,16.1666666667,0.61582574108,-15.5458409256,0.00014106869318,0.672391699804
121,Educ_Less_HS_F_B,0.208798951144,0.202004654077,0.0,1.0,0.208798951144,-0.791201048856,0.00142308980352,0.179103023347
122,GINI2000,0.434420975994,0.0376517369194,0.332901,0.604931,0.101519975994,-0.170510024006,0.000278408528872,0.552458085441
123,RATE_OPTH_TOT_PC,2.43413505248,4.24390508361,0.0,54.392168,2.43413505248,-51.9580329475,0.000183628277815,0.629477306409
124,PERCNT_MEDCD_ELIG_TOT,19.9084711272,8.75150189936,0.0,60.572805,19.9084711272,-40.6643338728,0.00121446910432,0.214576836608
125,BERRY_ACRESPTH07,1.75567128836,21.5671483548,0.0,881.757169006,1.75567128836,-880.001497717,0.000819438569529,0.308039195852
126,RATE_CARDIO_TOT_PC,2.42007682131,5.09055255902,0.0,96.16167,2.42007682131,-93.7415931787,0.00574212178196,0.00689884821675
127,ACROLEIN,0.64662823096,0.853802775564,0.0107081396,11.7772668559,0.63592009136,-11.1306386249,0.00246406013389,0.0770029201498
128,PERCNT_MEDCR_ENROL_AGED_HI,96.3161346399,7.45956421438,0.0,179.786082,96.3161346399,-83.4699473601,6.09155792627e-05,0.781110609891
129,PCH_REDEMP_WICS,9.12767834743,43.4288520165,-100.0,1290.076143,109.127678347,-1280.94846465,0.000645831314785,0.365514938241
130,Child_Poverty_(%_living_in_families_below_the_poverty_line),20.9016725635,9.67101380299,0.0,68.0,20.9016725635,-47.0983274365,0.00266028913368,0.0661359602689
131,2013_Preschool_(%_ages_3_and_4_in_school),44.2120189357,13.7751963476,3.2,100.0,41.0120189357,-55.7879810643,0.000806417857063,0.311915591817
132,Per_Rep_08,56.9055710647,13.8526618632,0.0,93.209877,56.9055710647,-36.3043059353,0.00233572456509,0.0851373877536
133,land_surf_night,45.667222401,7.48177249337,19.82,68.07,25.847222401,-22.402777599,0.00188438142027,0.12205841634
134,RATE_ACTV_DO_NONFED,12.7706257244,20.674206531,0.0,565.661047,12.7706257244,-552.890421276,2.51753405641e-06,0.954952458789
135,PCT_LOWI1MI,23.5954103637,11.6788876905,0.0,79.8,23.5954103637,-56.2045896363,0.00206552929158,0.105473492176
136,MED_HH_INC,44023.7057308,11367.2774764,19182.0,111582.0,24841.7057308,-67558.2942692,0.000916360448329,0.281047109555
137,Median_House_Inc_B,32714.853236,17847.209966,2499.0,179583.0,30215.853236,-146868.146764,0.000110091469363,0.708730147558
138,RATE_PLASTIC_TOT_PC,0.635963812299,1.89429449689,0.0,54.466231,0.635963812299,-53.8302671877,0.000147985776273,0.664933520452
139,povbk,0.249815865465,0.194041677314,0.0,1.0,0.249815865465,-0.750184134535,0.00161570474147,0.152249963157
140,Gini_Coefficient,0.43179800579,0.0364805545634,0.207,0.645,0.22479800579,-0.21320199421,3.98949268384e-06,0.943309871708
141,Marital_Status_Sing_W,0.220826746652,0.0581043146601,0.028689,0.815534,0.192137746652,-0.594707253348,0.00173953300939,0.13740535828
142,Marital_Status_Sing_WF,0.211881175763,0.0695184952693,0.0,1.267281,0.211881175763,-1.05539982424,0.000170933657396,0.641583666554
143,sunlight,16037.8781912,1499.09446286,12945.79,20774.77,3092.08819118,-4736.89180882,0.00105248849039,0.247965161736
144,Filtered_Zinc_03-05,94.324357511,1261.66414803,0.25,33518.0166667,94.074357511,-33423.6923092,1.82213364726e-05,0.879208325916
145,rentbk,0.253571905319,0.249767536396,0.0,1.0,0.253571905319,-0.746428094681,3.66872623283e-05,0.829265929844
146,Median_House_Inc_W,47298.0795133,11975.7654945,19351.0,124375.0,27947.0795133,-77076.9204867,0.000194396549846,0.619606086186
147,"2011_Grocery_Stores_andProduce_Vendors_(per_10,000_population)",2.69134574098,2.05343883749,0.0,22.6244343891,2.69134574098,-19.9330886481,0.000245676206052,0.576802244021
148,Age_85_and_Over,2.40755858872,1.06211274386,0.3,11.4,2.10755858872,-8.99244141128,2.63889667797e-05,0.854884957371
149,RATE_COMM_HOSP_ADM,87.2637443818,130.939243959,0.0,4830.256933,87.2637443818,-4742.99318862,0.000455624986631,0.447240299558
150,Marital_Status_Sing_B,0.472500702227,0.218971473285,0.0,1.0,0.472500702227,-0.527499297773,0.000202422445126,0.612468146508
151,DAYS_HI_90,53.1093024776,41.7372380561,0.0,195.35,53.1093024776,-142.240697522,3.34524920217e-05,0.836855868612
152,Diesel_r_05,0.0253608639099,0.0431646845042,6.20861e-05,0.7462000954,0.0252987778099,-0.72083923149,0.00087824291955,0.291287267295
153,relig09,57.6309546832,122.83092695,0.0,3258.0,57.6309546832,-3200.36904532,2.92273776982e-05,0.847370922246
154,PCT_NHWHITE08,79.5482936252,19.0364377274,2.0,99.4,77.5482936252,-19.8517063748,0.00139954294155,0.182744356772
155,Pro_TTL_STON,4824.37460317,24611.564762,1.0,354060.0,4823.37460317,-349235.625397,0.000708378277935,0.343268114151
156,RATE_PATH_TOT_PC,2.07501154668,4.37332370011,0.0,86.554393,2.07501154668,-84.4793814533,0.00105600926094,0.247175254971
157,Graduate_or_Professiol_Degree(%),6.44855119124,3.87152492457,0.0,40.6,6.44855119124,-34.1514488088,7.64994606221e-05,0.755500431283
158,Housing_Owner_B,0.514606374855,0.270651817387,0.0,1.0,0.514606374855,-0.485393625145,2.98789434165e-05,0.845700129585
159,POV_RATE,15.2724726336,6.05014824259,3.1,54.4,12.1724726336,-39.1275273664,0.000298755501835,0.538284128386
160,Educ_HS_M_W,0.364973502511,0.0828466349378,0.036241,0.604444,0.328732502511,-0.239470497489,0.00032767499903,0.51924325685
161,GROCPTH08,0.27221246877,0.217241548233,0.0,2.793296,0.27221246877,-2.52108353123,0.000552046516557,0.402813185551
162,Unfiltered_Mercury_98-00,1562.71591639,8496.87413981,0.4633333333,51032.8333333,1562.25258306,-49470.1174169,0.000697562959572,0.346980390218
163,PERCNT_MEDCR_ENROL_AGED_DSBL_SMI,16.3231029665,4.22626082025,2.772668,34.649851,13.5504349665,-18.3267480335,1.25760623845e-06,0.968152805965
164,2013_OPPORTUNITY_GRADE,47.8235882838,8.23135572139,23.5863796266,81.7289240109,24.2372086572,-33.9053357271,0.000429268657636,0.460691169839
165,Income_Less_Pov_B,0.297094340839,0.230315474817,0.0,1.0,0.297094340839,-0.702905659161,0.000761823251263,0.325685038721
166,Av_Per_Rep,58.6046593675,12.9418117068,7.947454,91.983871,50.6572053675,-33.3792116325,0.00054465951587,0.405979382209
167,Unfiltered_Arsenic_03-05,8.00704522706,39.7883504809,0.05,631.5,7.95704522706,-623.492954773,0.00327069757649,0.0415754511675
168,RATE_TOT_PRVPRAC,33.6150102093,22.4526530095,0.0,290.275762,33.6150102093,-256.660751791,0.00166178066295,0.146525034955
169,RATE_PULM_TOT_PC,1.07871909272,2.34992377952,0.0,30.327911,1.07871909272,-29.2491919073,2.86589158729e-05,0.848844459209
170,2011_80/20_Ratio_(Ratio_of_household_Income_at_the_80th_percentile_to_that_of_the_20th_percentile),4.37979747774,0.746725240359,2.3368835,11.246892,2.04291397774,-6.86709452226,7.55693254581e-06,0.922035878954
171,PERCNT_MEDCR_ENROL_AGED_TOT,96.6714290878,7.41488577446,0.0,180.368264,96.6714290878,-83.6968349122,0.00136205460701,0.188720092663
172,ALE,76.3123551378,2.00149890795,66.6,81.3,9.71235513778,-4.98764486222,0.00303938323264,0.0495008931054
173,age_adj_obesity_2009,30.3172569221,4.22728828019,13.5,47.9,16.8172569221,-17.5827430779,9.34979672308e-05,0.730651553961
174,2013_Jobs_and_Local_Economy_,52.4439773682,10.7612772508,15.4985280532,79.3166155622,36.945449315,-26.872638194,0.000391358712241,0.481199198347
175,RATE_HOSP_ADMISSION,91.4705895023,136.274633934,0.0,5040.16325,91.4705895023,-4948.6926605,0.00132726185886,0.194470365281
176,RATE_SURG_SPEC_TOT_PC,23.7361157415,32.7942255425,0.0,506.961446,23.7361157415,-483.225330259,0.00138948071405,0.184326474498
177,RATE_ACTMDS_FEDNONFED,125.967985356,149.561255106,0.0,2695.551104,125.967985356,-2569.58311864,5.10717057153e-06,0.935873661467
178,2013_Poverty_(%_of_population_below_poverty_line),16.2045091918,6.3687566976,3.4,53.5,12.8045091918,-37.2954908082,2.34692541593e-12,0.999956482523
179,Per_Dem_08,41.493153112,13.8545630067,0.0,92.863227,41.493153112,-51.370073888,0.000628266964717,0.372118250243
180,Filtered_Mercury_03-05,0.032907495231,0.0980880622341,0.0,1.1888888889,0.032907495231,-1.15598139367,0.000188729648158,0.62475742954
181,Marital_Status_Sing_WM,0.255265673255,0.0619416163034,0.0,0.90534,0.255265673255,-0.650074326745,0.000180619375185,0.632299203853
182,PERCNT_MALES_LT65_NO_HLTH_INS,19.1717082853,6.32375568398,0.0,46.8,19.1717082853,-27.6282917147,6.04084580832e-05,0.782000551229
183,RATE_COMM_HOSP_BEDS,32.0756023364,46.0395516705,0.0,873.759392,32.0756023364,-841.683789664,0.00154708869536,0.161251152181
184,edlowfbk,0.296621299369,0.216964319577,0.0,1.0,0.296621299369,-0.703378700631,0.000302377758557,0.535830805189
185,PERCNT_MEDCR_ENROL_DISABL_TOT,2.79856797006,1.28926713182,0.0,14.829327,2.79856797006,-12.0307590299,0.00125875188869,0.206403726375
186,"Magement,_professiol,_and_related_occupations_(%)",29.5758443229,6.39954555491,11.4,66.2,18.1758443229,-36.6241556771,4.5901549914e-07,0.98075642855
187,Dipro_c_05,3.2201995494e-08,9.2800898772e-08,0.0,1.7003e-06,3.2201995494e-08,-1.66809800451e-06,0.000517931607424,0.417745669889
188,2011_Education_Dimension,44.7237419037,10.4531665416,16.6417822222,95.3768622222,28.0819596815,-50.6531203185,6.85008877611e-05,0.768249291944
189,Latino_Population_(%),7.55352203281,12.8115757344,0.0,98.6,7.55352203281,-91.0464779672,0.000619125740132,0.375620878428
190,PERCNT_MEDCR_ENROL_AGED_DSBL_HI,16.9623383268,4.27717954526,2.963417,35.313641,13.9989213268,-18.3513026732,0.0043963434818,0.0181185365075
191,RATE_MDS_PC_OFFBASED,98.7917803464,96.1310920587,0.0,1214.507542,98.7917803464,-1115.71576165,1.53077058e-05,0.88921826014
192,Filtered_Selenium_03-05,3.21911825902,20.6914783735,0.005,436.395,3.21411825902,-433.175881741,0.000868256766983,0.294048151616
193,MEDIAN_AGE_FEMALE,38.6277794169,4.0511557962,20.0,55.5,18.6277794169,-16.8722205831,0.00208728048251,0.103654612289
194,Median_Persol_Earnings_(2010_dollars),25400.2072701,5041.19449395,5042.895873,55271.60254,20357.3113971,-29871.3952699,0.000265721006509,0.561655359641
195,EPICHLOROHYDRIN,4.64820937729e-05,0.000750777061933,0.0,0.0321484075,4.64820937729e-05,-0.0321019254062,0.000741490480699,0.332229524915
196,Propox_c_05,5.88960411973e-10,4.45393947784e-09,0.0,1.837e-07,5.88960411973e-10,-1.83111039588e-07,0.000363471609502,0.497257773066
197,Filtered_Cadmium_03-05,0.55901289185,4.61985663988,0.0,74.0948847926,0.55901289185,-73.5358719008,0.000158030940686,0.654462624546
198,RATE_MDS_PC_HOSP_FT,7.64102072956,10.8993936808,0.0,205.190772,7.64102072956,-197.54975127,1.90951798141e-05,0.876368557082
199,Marital_Status_Sing_BM,0.493832983959,0.236571349514,0.0,1.0,0.493832983959,-0.506167016041,0.000109903815806,0.708967180269
200,RATE_INTMED_TOT_PC,15.1050826587,20.0535703734,0.0,316.104703,15.1050826587,-300.999620341,9.96063476593e-06,0.91053656266
201,Educ_Less_HS_M_B,0.24118617932,0.205518226098,0.0,1.0,0.24118617932,-0.75881382068,0.000104014594557,0.716526320798
202,Per_Cap_Inc_W,25123.8181525,6505.87921482,0.0,93519.0,25123.8181525,-68395.1818475,4.1057668919e-05,0.819547953984
203,VLBW,1.41127197518,0.507775259375,0.2,3.9,1.21127197518,-2.48872802482,0.000266170061504,0.561324863106
204,Nitrop_c_05,7.2674605729e-11,1.21109425713e-09,0.0,3.68e-08,7.2674605729e-11,-3.67273253943e-08,0.00149278529362,0.168805517423
205,Educ_Col_M_B,0.130245162424,0.19242544237,0.0,1.0,0.130245162424,-0.869754837576,7.9786337005e-05,0.750473934867
206,RATE_ANEST_TOT_PC,4.80899990212,8.68729351826,0.0,148.37896,4.80899990212,-143.569960098,0.00324007191675,0.0425432547493
207,PCT_POV_LT18,21.3885705087,8.69145623835,2.8,67.1,18.5885705087,-45.7114294913,1.95832646893e-06,0.960264636947
208,land_surf_temp_day,73.470872224,8.11472192501,45.58,109.36,27.890872224,-35.889127776,0.000320464049596,0.523877325687
209,MEDIAN_AGE_MALE,36.1346511815,3.96539095257,19.8,52.9,16.3346511815,-16.7653488185,0.00113409631994,0.230417393632
210,Educ_Col_M_W,0.211294969933,0.107534014107,0.017544,0.869662,0.193750969933,-0.658367030067,0.000554390526709,0.401816015812
211,NAPHTHALENE,0.00621006797726,0.00882293217527,0.000103963,0.1452054666,0.00610610497726,-0.138995398623,0.000299111636028,0.538042015009
212,Population_Density,256.849645847,1758.17740088,0.0,71202.0,256.849645847,-70945.1503542,5.93681746341e-05,0.78383880184
213,Educ_Col_F_B,0.15920706392,0.202492961224,0.0,1.0,0.15920706392,-0.84079293608,0.00256730216889,0.0710653516363
214,edlowbk,0.282231494998,0.212231535329,0.0,1.0,0.282231494998,-0.717768505002,0.000485940205359,0.432508108658
215,RATE_MDS_TOT_FM_OFFBASED,24.2267178574,19.9651344464,0.0,328.812166,24.2267178574,-304.585448143,0.00289854495469,0.0550939189514
216,Unfiltered_Selenium_03-05,3.02136129437,8.65622377557,0.04,108.259259259,2.98136129437,-105.237897965,0.000230341259123,0.588947338472
217,RATE_MDS_TOT_SPEC_OFFBASED,29.1107161008,37.3840852115,0.0,532.386868,29.1107161008,-503.276151899,0.000595072457819,0.385061872339
218,hsg_mobile_200,16.830439124,48.1581871906,0.0296938898,2340.56801196,16.8007452342,-2323.73757283,0.000101494756086,0.719834700241
219,PERCNT_URBAN_POP,40.1478314513,30.9164198361,0.0,100.0,40.1478314513,-59.8521685487,0.00170835905618,0.140982991695
220,3-_and_4-year-olds_Not_Enrolled_in_Preschool_(%),57.0263700838,14.4289937861,0.0,100.0,57.0263700838,-42.9736299162,1.50173294361e-05,0.890267310596
221,Marital_Status_Mar_W,0.572805526655,0.0579926586479,0.167476,0.772093,0.405329526655,-0.199287473345,0.00021173560027,0.604404860303
222,Marital_Status_Mar_WM,0.588260715684,0.062649080521,0.09466,0.820896,0.493600715684,-0.232635284316,0.00130435926208,0.198367263159
223,edlowwt,0.19413736627,0.0772741166864,0.014803,0.523783,0.17933436627,-0.32964563373,0.00175067528369,0.136151389803
224,"Percent_of_persons_with_only_a_high_school_degree,_2007-2011",35.3607211848,6.98437378267,9.1,78.6,26.2607211848,-43.2392788152,0.000324256410262,0.521431127492
225,Marital_Status_Mar_WF,0.559148021762,0.0619072247241,0.226236,1.0,0.332912021762,-0.440851978238,0.000143334268932,0.669925550715
226,LDSRATE,36.4941829357,108.964004594,0.14,1007.86,36.3541829357,-971.365817064,3.95173688455e-05,0.822908029777
227,PERCNT_MEDCD_ELIG_FEMALES,23.0468522933,10.0766836332,0.0,84.699454,23.0468522933,-61.6526017067,9.6917843083e-05,0.725964475668
228,RATE_HOSP_BEDS,36.724965631,54.2437247987,0.0,1093.590576,36.724965631,-1056.86561037,0.000367662175333,0.494787983333
229,2013_Education_Dimension,48.1423998078,9.20147009034,20.8666666667,88.5407407407,27.2757331411,-40.3983409329,0.000487368847375,0.43183221356
230,RATE_NEURO_TOT_PC,1.49606948938,3.84769962215,0.0,85.805798,1.49606948938,-84.3097285106,0.000122537472316,0.693496940212
231,Filtered_Lead_03-05,0.551263032555,3.5545651371,0.0,75.5266666667,0.551263032555,-74.9754036341,0.00076326104709,0.325228749469
232,"1,3-DICHLOROPROPENE",0.000398397286081,0.00115536608809,0.0,0.0212531597,0.000398397286081,-0.0208547624139,0.00196427983171,0.114413620153
233,RATE_TOTAL_INPT_BEDS,31.5006366706,44.720380686,0.0,859.846025,31.5006366706,-828.345388329,0.000255354772091,0.569390411888
234,Age_40_54,1.83560682046,0.96392604391,0.3,10.2,1.53560682046,-8.36439317954,0.000244834990954,0.57745545092
235,hsg_other_fuel_2000,0.370674062238,0.380962705065,0.0,4.1628392484,0.370674062238,-3.79216518616,0.000701262364592,0.345704514963
236,RATE_DGRADIOL_TOT_PC,3.31969051578,6.62222489281,0.0,133.096717,3.31969051578,-129.777026484,2.10770581775e-05,0.870165215898
237,Unfiltered_Mercury_03-05,52.4753857124,264.777876168,0.37,1971.29583333,52.1053857124,-1918.82044762,0.000570743186668,0.39495787529
238,AvgDayLandSurfaceTemperature(F),73.4757741935,8.103763762,45.58,109.36,27.8957741935,-35.8842258065,0.000539786737882,0.408087871113
239,PCT_NH08,1.59423696072,6.19369595284,0.0,83.4,1.59423696072,-81.8057630393,0.000426760830444,0.462004164467
240,RATE_NEURSURG_TOT_PC,0.568878815196,1.79695388429,0.0,42.040705,0.568878815196,-41.4718261848,0.000478377185832,0.43611313096
241,Population_over_65_(%),15.3585718881,4.20954528292,0.0,36.5,15.3585718881,-21.1414281119,0.000133439659571,0.680871841644
